First Name;Origin;;;;;;;
AADEN;African;;;;;;;
AALIYAH;Russian;;;;;;;
AARON;Norse;;;;;;;
AAYAN;Latin;;;;;;;
ABBY;Korean;;;;;;;
ABDIEL;Celtic;;;;;;;
ABDOULAYE;Dutch;;;;;;;
ABDUL;English;;;;;;;
ABDULLAH;Finnish;;;;;;;
ABEL;Greek;;;;;;;
ABIGAIL;Hindi;;;;;;;
ABRAHAM;Hungarian;;;;;;;
ABRAM;Indian;;;;;;;
ADA;Irish;;;;;;;
ADALYN;Italian;;;;;;;
ADALYNN;Armenian;;;;;;;
ADAM;African;;;;;;;
ADDISON;African American;;;;;;;
ADELAIDE;American;;;;;;;
ADELE;Anglo-Saxon;;;;;;;
ADELINE;Arabic;;;;;;;
ADEN;Armenian;;;;;;;
ADINA;Celtic;;;;;;;
ADITYA;Chinese;;;;;;;
ADONIS;Czechoslovakian;;;;;;;
ADRIAN;Danish;;;;;;;
ADRIANA;Dutch;;;;;;;
ADRIANNA;Egyptian;;;;;;;
ADRIEL;English;;;;;;;
AHARON;Finnish;;;;;;;
AHMAD;French;;;;;;;
AHMED;Gaelic;;;;;;;
AHRON;German;;;;;;;
AHUVA;Greek;;;;;;;
AICHA;Hawaiian;;;;;;;
AIDAN;Hebrew;;;;;;;
AIDEN;Hindi;;;;;;;
AILEEN;Hungarian;;;;;;;
AISHA;Indian;;;;;;;
AISSATOU;Irish;;;;;;;
AJANI;Italian;;;;;;;
AKIVA;Japanese;;;;;;;
ALAINA;Hawaiian;;;;;;;
ALAN;Korean;;;;;;;
ALANA;Latin;;;;;;;
ALANI;Middle English;;;;;;;
ALANNA;Native American;;;;;;;
ALAYNA;Norse;;;;;;;
ALBERT;Old English;;;;;;;
ALBERTO;Old French;;;;;;;
ALEC;Old German;;;;;;;
ALEENA;Old Norse;;;;;;;
ALEJANDRA;Persian;;;;;;;
ALEJANDRO;Polish;;;;;;;
ALESSANDRA;Polynesian;;;;;;;
ALESSANDRO;Russian;;;;;;;
ALESSIA;Sanskrit;;;;;;;
ALEX;Scandinavian;;;;;;;
ALEXA;Scottish;;;;;;;
ALEXANDER;Slavic;;;;;;;
ALEXANDRA;Spanish;;;;;;;
ALEXANDRE;Swahili;;;;;;;
ALEXANDRIA;Swedish;;;;;;;
ALEXIA;Teutonic;;;;;;;
ALEXIS;Turkish;;;;;;;
ALFONSO;Vietnamese;;;;;;;
ALFRED;Welsh;;;;;;;
ALI;Yiddish;;;;;;;
ALIANA;African;;;;;;;
ALICE;Russian;;;;;;;
ALICIA;Norse;;;;;;;
ALINA;Latin;;;;;;;
ALISA;Korean;;;;;;;
ALISHA;Celtic;;;;;;;
ALISON;Dutch;;;;;;;
ALISSA;English;;;;;;;
ALISSON;Finnish;;;;;;;
ALIVIA;Greek;;;;;;;
ALIYA;Hindi;;;;;;;
ALIYAH;Hungarian;;;;;;;
ALIZA;Indian;;;;;;;
ALLAN;Irish;;;;;;;
ALLEN;Italian;;;;;;;
ALLIE;Armenian;;;;;;;
ALLISON;African;;;;;;;
ALLISSON;African American;;;;;;;
ALLYSON;American;;;;;;;
ALONDRA;Anglo-Saxon;;;;;;;
ALPHA;Arabic;;;;;;;
ALSTON;Armenian;;;;;;;
ALTER;Celtic;;;;;;;
ALVIN;Chinese;;;;;;;
ALYSON;Czechoslovakian;;;;;;;
ALYSSA;Danish;;;;;;;
AMADOU;Dutch;;;;;;;
AMALIA;Egyptian;;;;;;;
AMANDA;English;;;;;;;
AMANI;Finnish;;;;;;;
AMARA;French;;;;;;;
AMARI;Gaelic;;;;;;;
AMAYA;German;;;;;;;
AMBER;Greek;;;;;;;
AMELIA;Hawaiian;;;;;;;
AMELIE;Hebrew;;;;;;;
AMINA;Hindi;;;;;;;
AMINATA;Hungarian;;;;;;;
AMIR;Indian;;;;;;;
AMIRA;Irish;;;;;;;
AMIRAH;Italian;;;;;;;
AMIYA;Japanese;;;;;;;
AMIYAH;Hawaiian;;;;;;;
AMROM;Korean;;;;;;;
AMY;Latin;;;;;;;
AMYA;Middle English;;;;;;;
ANA;Native American;;;;;;;
ANABELLA;Norse;;;;;;;
ANALIA;Old English;;;;;;;
ANASTASIA;Old French;;;;;;;
ANAYA;Old German;;;;;;;
ANDERSON;Old Norse;;;;;;;
ANDRE;Persian;;;;;;;
ANDREA;Polish;;;;;;;
ANDRES;Polynesian;;;;;;;
ANDREW;Russian;;;;;;;
ANDY;Sanskrit;;;;;;;
ANGEL;Scandinavian;;;;;;;
ANGELA;Scottish;;;;;;;
ANGELICA;Slavic;;;;;;;
ANGELINA;Spanish;;;;;;;
ANGELINE;Swahili;;;;;;;
ANGELIQUE;Swedish;;;;;;;
ANGELO;Teutonic;;;;;;;
ANGELY;Turkish;;;;;;;
ANGIE;Vietnamese;;;;;;;
ANGUS;Welsh;;;;;;;
ANIKA;Yiddish;;;;;;;
ANISA;African;;;;;;;
ANITA;Russian;;;;;;;
ANIYA;Norse;;;;;;;
ANIYAH;Latin;;;;;;;
ANJALI;Korean;;;;;;;
ANNA;Celtic;;;;;;;
ANNABEL;Dutch;;;;;;;
ANNABELLA;English;;;;;;;
ANNABELLE;Finnish;;;;;;;
ANNE;Greek;;;;;;;
ANNIE;Hindi;;;;;;;
ANNIKA;Hungarian;;;;;;;
ANSON;Indian;;;;;;;
ANTHONY;Irish;;;;;;;
ANTONELLA;Italian;;;;;;;
ANTONIA;Armenian;;;;;;;
ANTONIO;African;;;;;;;
ANTONY;African American;;;;;;;
ANYA;American;;;;;;;
APRIL;Anglo-Saxon;;;;;;;
ARABELLA;Arabic;;;;;;;
ARI;Armenian;;;;;;;
ARIA;Celtic;;;;;;;
ARIANA;Chinese;;;;;;;
ARIANNA;Czechoslovakian;;;;;;;
ARIEL;Danish;;;;;;;
ARIELA;Dutch;;;;;;;
ARIELLA;Egyptian;;;;;;;
ARIELLE;English;;;;;;;
ARJUN;Finnish;;;;;;;
ARMANDO;French;;;;;;;
ARMANI;Gaelic;;;;;;;
ARON;German;;;;;;;
ARTHUR;Greek;;;;;;;
ARYA;Hawaiian;;;;;;;
ARYAN;Hebrew;;;;;;;
ARYANA;Hindi;;;;;;;
ARYANNA;Hungarian;;;;;;;
ARYEH;Indian;;;;;;;
ASHANTI;Irish;;;;;;;
ASHER;Italian;;;;;;;
ASHLEE;Japanese;;;;;;;
ASHLEIGH;Hawaiian;;;;;;;
ASHLEY;Korean;;;;;;;
ASHLY;Latin;;;;;;;
ASHLYN;Middle English;;;;;;;
ASHTON;Native American;;;;;;;
ASIA;Norse;;;;;;;
ATARA;Old English;;;;;;;
ATHENA;Old French;;;;;;;
AUBREE;Old German;;;;;;;
AUBREY;Old Norse;;;;;;;
AUDREY;Persian;;;;;;;
AUDRINA;Polish;;;;;;;
AUGUST;Polynesian;;;;;;;
AURORA;Russian;;;;;;;
AUSTIN;Sanskrit;;;;;;;
AUTUMN;Scandinavian;;;;;;;
AVA;Scottish;;;;;;;
AVERY;Slavic;;;;;;;
AVI;Spanish;;;;;;;
AVIANNA;Swahili;;;;;;;
AVITAL;Swedish;;;;;;;
AVRAHAM;Teutonic;;;;;;;
AVROHOM;Turkish;;;;;;;
AVRUM;Vietnamese;;;;;;;
AXEL;Welsh;;;;;;;
AYAAN;Yiddish;;;;;;;
AYAN;Vietnamese;;;;;;;
AYANNA;Celtic;;;;;;;
AYDEN;Dutch;;;;;;;
AYDIN;English;;;;;;;
AYLA;Finnish;;;;;;;
AYLIN;Greek;;;;;;;
AZRIEL;Hindi;;;;;;;
BAILA;Hungarian;;;;;;;
BAILEE;Indian;;;;;;;
BAILEY;Irish;;;;;;;
BARBARA;Celtic;;;;;;;
BARUCH;Dutch;;;;;;;
BASYA;English;;;;;;;
BATSHEVA;Finnish;;;;;;;
BATYA;Greek;;;;;;;
BEATRICE;Hindi;;;;;;;
BELLA;Hungarian;;;;;;;
BEN;Indian;;;;;;;
BENJAMIN;Irish;;;;;;;
BENNETT;Vietnamese;;;;;;;
BENNY;Celtic;;;;;;;
BENSON;Dutch;;;;;;;
BENTLEY;English;;;;;;;
BENZION;Finnish;;;;;;;
BERISH;Greek;;;;;;;
BETHANY;Hindi;;;;;;;
BIANCA;Hungarian;;;;;;;
BINYOMIN;Indian;;;;;;;
BLAKE;Irish;;;;;;;
BLIMA;Celtic;;;;;;;
BLIMY;Dutch;;;;;;;
BORUCH;English;;;;;;;
BRACHA;Finnish;;;;;;;
BRADEN;Greek;;;;;;;
BRADLEY;Hindi;;;;;;;
BRADY;Hungarian;;;;;;;
BRAEDEN;Indian;;;;;;;
BRANDON;Irish;;;;;;;
BRAYAN;Vietnamese;;;;;;;
BRAYDEN;Celtic;;;;;;;
BRAYLON;Dutch;;;;;;;
BREANNA;English;;;;;;;
BREINDY;Finnish;;;;;;;
BRENDA;Greek;;;;;;;
BRENDAN;Hindi;;;;;;;
BRENDEN;Hungarian;;;;;;;
BRENNA;Indian;;;;;;;
BRENNAN;Irish;;;;;;;
BRETT;Celtic;;;;;;;
BRIAN;Dutch;;;;;;;
BRIANA;English;;;;;;;
BRIANNA;Finnish;;;;;;;
BRIDGET;Greek;;;;;;;
BRIELLA;Hindi;;;;;;;
BRIELLE;Hungarian;;;;;;;
BRITNEY;Indian;;;;;;;
BRITTANY;Irish;;;;;;;
BROCHA;Vietnamese;;;;;;;
BRODY;Celtic;;;;;;;
BROOKE;Dutch;;;;;;;
BROOKLYN;English;;;;;;;
BROOKLYNN;Finnish;;;;;;;
BRUCE;Greek;;;;;;;
BRUCHA;Hindi;;;;;;;
BRUCHY;Hungarian;;;;;;;
BRYAN;Indian;;;;;;;
BRYANNA;Irish;;;;;;;
BRYANT;Celtic;;;;;;;
BRYCE;Dutch;;;;;;;
BRYCEN;English;;;;;;;
BRYNN;Finnish;;;;;;;
BRYSON;Greek;;;;;;;
BYRON;Hindi;;;;;;;
CADEN;Hungarian;;;;;;;
CADENCE;Indian;;;;;;;
CAIDEN;Irish;;;;;;;
CAITLIN;Vietnamese;;;;;;;
CAITLYN;Celtic;;;;;;;
CALEB;Dutch;;;;;;;
CALEIGH;English;;;;;;;
CALLIE;Finnish;;;;;;;
CALVIN;Greek;;;;;;;
CAMDEN;Hindi;;;;;;;
CAMERON;Hungarian;;;;;;;
CAMILA;Indian;;;;;;;
CAMILLA;Irish;;;;;;;
CAMILLE;Celtic;;;;;;;
CAMILO;Dutch;;;;;;;
CAMREN;English;;;;;;;
CAMRYN;Finnish;;;;;;;
CARA;Greek;;;;;;;
CARINA;Hindi;;;;;;;
CARL;Hungarian;;;;;;;
CARLA;Indian;;;;;;;
CARLOS;Irish;;;;;;;
CARLY;Vietnamese;;;;;;;
CARMELO;Celtic;;;;;;;
CARMEN;Dutch;;;;;;;
CARMINE;English;;;;;;;
CAROL;Finnish;;;;;;;
CAROLINA;Greek;;;;;;;
CAROLINE;Hindi;;;;;;;
CAROLYN;Hungarian;;;;;;;
CARSON;Indian;;;;;;;
CARTER;Irish;;;;;;;
CASEY;Celtic;;;;;;;
CASSANDRA;Dutch;;;;;;;
CASSIDY;English;;;;;;;
CATALINA;Finnish;;;;;;;
CATHERINE;Greek;;;;;;;
CAYDEN;Hindi;;;;;;;
CAYLEE;Hungarian;;;;;;;
CECELIA;Indian;;;;;;;
CECILIA;Irish;;;;;;;
CELESTE;Czechoslovakian;;;;;;;
CELIA;Danish;;;;;;;
CELINE;Dutch;;;;;;;
CESAR;Egyptian;;;;;;;
CESIA;English;;;;;;;
CHACE;Finnish;;;;;;;
CHAD;French;;;;;;;
CHAIM;Gaelic;;;;;;;
CHANA;German;;;;;;;
CHANCE;Greek;;;;;;;
CHANEL;Hawaiian;;;;;;;
CHANY;Hebrew;;;;;;;
CHARLES;Hindi;;;;;;;
CHARLIE;Hungarian;;;;;;;
CHARLIZE;Indian;;;;;;;
CHARLOTTE;Irish;;;;;;;
CHASE;Italian;;;;;;;
CHAVA;Japanese;;;;;;;
CHAVY;Hawaiian;;;;;;;
CHAYA;Korean;;;;;;;
CHELSEA;Latin;;;;;;;
CHESKEL;Middle English;;;;;;;
CHESKY;Native American;;;;;;;
CHEYENNE;Norse;;;;;;;
CHIARA;Old English;;;;;;;
CHLOE;Old French;;;;;;;
CHRIS;Old German;;;;;;;
CHRISTIAN;Old Norse;;;;;;;
CHRISTINA;Persian;;;;;;;
CHRISTINE;Polish;;;;;;;
CHRISTOPHER;Czechoslovakian;;;;;;;
CIARA;Danish;;;;;;;
CINDY;Dutch;;;;;;;
CLAIRE;Egyptian;;;;;;;
CLARA;English;;;;;;;
CLARE;Finnish;;;;;;;
CLAUDIA;French;;;;;;;
CODY;Gaelic;;;;;;;
COLBY;German;;;;;;;
COLE;Greek;;;;;;;
COLETTE;Hawaiian;;;;;;;
COLIN;Hebrew;;;;;;;
COLLEEN;Hindi;;;;;;;
COLLIN;Hungarian;;;;;;;
COLTON;Indian;;;;;;;
CONNER;Irish;;;;;;;
CONNIE;Italian;;;;;;;
CONNOR;Japanese;;;;;;;
CONOR;Hawaiian;;;;;;;
COOPER;Korean;;;;;;;
CORA;Latin;;;;;;;
COREY;Middle English;;;;;;;
CORY;Native American;;;;;;;
COURTNEY;Norse;;;;;;;
CRAIG;Old English;;;;;;;
CRISTIAN;Old French;;;;;;;
CRISTINA;Old German;;;;;;;
CRISTOPHER;Old Norse;;;;;;;
CRYSTAL;Persian;;;;;;;
CURTIS;Polish;;;;;;;
CYNTHIA;Old French;;;;;;;
CYRUS;Old German;;;;;;;
DAISY;Old Norse;;;;;;;
DAKOTA;Persian;;;;;;;
DALLAS;Polish;;;;;;;
DAMANI;Czechoslovakian;;;;;;;
DAMARIS;Danish;;;;;;;
DAMIAN;Dutch;;;;;;;
DAMIEN;Egyptian;;;;;;;
DANA;English;;;;;;;
DANICA;Finnish;;;;;;;
DANIEL;Old French;;;;;;;
DANIELA;Old German;;;;;;;
DANIELLA;Old Norse;;;;;;;
DANIELLE;Persian;;;;;;;
DANNA;Polish;;;;;;;
DANNY;Czechoslovakian;;;;;;;
DANTE;Danish;;;;;;;
DAPHNE;Dutch;;;;;;;
DARIEL;Egyptian;;;;;;;
DARIUS;English;;;;;;;
DARNELL;Finnish;;;;;;;
DARREN;Old French;;;;;;;
DARWIN;Old German;;;;;;;
DASHIELL;Old Norse;;;;;;;
DAVID;Persian;;;;;;;
DAVION;Polish;;;;;;;
DAYANA;Czechoslovakian;;;;;;;
DAYANARA;Danish;;;;;;;
DEAN;Dutch;;;;;;;
DEANNA;Egyptian;;;;;;;
DEBORAH;English;;;;;;;
DECLAN;Finnish;;;;;;;
DELANEY;African;;;;;;;
DELILAH;Russian;;;;;;;
DEMETRIUS;Norse;;;;;;;
DENISE;Latin;;;;;;;
DENNIS;Korean;;;;;;;
DENZEL;Celtic;;;;;;;
DEREK;Dutch;;;;;;;
DERICK;English;;;;;;;
DERRICK;Finnish;;;;;;;
DESMOND;Greek;;;;;;;
DESTINY;Hindi;;;;;;;
DEVIN;Hungarian;;;;;;;
DEVON;Indian;;;;;;;
DEVORA;Irish;;;;;;;
DEVORAH;Italian;;;;;;;
DEVYN;Armenian;;;;;;;
DIAMOND;African;;;;;;;
DIANA;African American;;;;;;;
DIEGO;American;;;;;;;
DILLON;Anglo-Saxon;;;;;;;
DINA;Arabic;;;;;;;
DINAH;Armenian;;;;;;;
DIYA;Celtic;;;;;;;
DOMINIC;Chinese;;;;;;;
DOMINICK;Czechoslovakian;;;;;;;
DOMINIK;Danish;;;;;;;
DONALD;Dutch;;;;;;;
DONOVAN;Egyptian;;;;;;;
DOUGLAS;English;;;;;;;
DOV;Finnish;;;;;;;
DOVID;French;;;;;;;
DREW;Gaelic;;;;;;;
DULCE;German;;;;;;;
DUSTIN;Greek;;;;;;;
DUVID;Hawaiian;;;;;;;
DYLAN;Hebrew;;;;;;;
EASON;Hindi;;;;;;;
EASTON;Hungarian;;;;;;;
EDDIE;Indian;;;;;;;
EDEN;Irish;;;;;;;
EDGAR;Italian;;;;;;;
EDISON;Japanese;;;;;;;
EDUARDO;Hawaiian;;;;;;;
EDWARD;Korean;;;;;;;
EDWIN;Latin;;;;;;;
EFRAIM;Middle English;;;;;;;
EGYPT;Native American;;;;;;;
EILEEN;Norse;;;;;;;
EITAN;Old English;;;;;;;
ELAINA;Old French;;;;;;;
ELAINE;Old German;;;;;;;
ELEANOR;Old Norse;;;;;;;
ELENA;Persian;;;;;;;
ELENI;Polish;;;;;;;
ELI;Polynesian;;;;;;;
ELIAN;Russian;;;;;;;
ELIANA;Sanskrit;;;;;;;
ELIANNA;Scandinavian;;;;;;;
ELIAS;Scottish;;;;;;;
ELIEZER;Slavic;;;;;;;
ELIJAH;Spanish;;;;;;;
ELIMELECH;Swahili;;;;;;;
ELINA;Swedish;;;;;;;
ELISA;Teutonic;;;;;;;
ELISE;Turkish;;;;;;;
ELISHEVA;Vietnamese;;;;;;;
ELIYAHU;Welsh;;;;;;;
ELIZA;Yiddish;;;;;;;
ELIZABETH;African;;;;;;;
ELLA;Russian;;;;;;;
ELLE;Norse;;;;;;;
ELLIANA;Latin;;;;;;;
ELLIANNA;Korean;;;;;;;
ELLIE;Celtic;;;;;;;
ELLIOT;Dutch;;;;;;;
ELLIOTT;English;;;;;;;
ELLIS;Finnish;;;;;;;
ELOISE;Greek;;;;;;;
ELSA;Hindi;;;;;;;
ELUZER;Hungarian;;;;;;;
ELVIN;Indian;;;;;;;
ELVIS;Irish;;;;;;;
ELYA;Italian;;;;;;;
EMANUEL;Armenian;;;;;;;
EMELY;African;;;;;;;
EMERSON;African American;;;;;;;
EMILIA;American;;;;;;;
EMILIE;Anglo-Saxon;;;;;;;
EMILIO;Arabic;;;;;;;
EMILY;Armenian;;;;;;;
EMMA;Celtic;;;;;;;
EMMANUEL;Chinese;;;;;;;
EMMETT;Czechoslovakian;;;;;;;
ENOS;Danish;;;;;;;
ENRIQUE;Dutch;;;;;;;
ENZO;Egyptian;;;;;;;
EPHRAIM;English;;;;;;;
ERIC;Finnish;;;;;;;
ERICA;French;;;;;;;
ERICK;Gaelic;;;;;;;
ERIK;German;;;;;;;
ERIKA;Greek;;;;;;;
ERIN;Hawaiian;;;;;;;
ESME;Hebrew;;;;;;;
ESMERALDA;Hindi;;;;;;;
ESTEBAN;Hungarian;;;;;;;
ESTER;Indian;;;;;;;
ESTHER;Irish;;;;;;;
ESTY;Italian;;;;;;;
ETHAN;Japanese;;;;;;;
ETTY;Hawaiian;;;;;;;
EVA;Korean;;;;;;;
EVAN;Latin;;;;;;;
EVANGELINE;Middle English;;;;;;;
EVE;Native American;;;;;;;
EVELIN;Norse;;;;;;;
EVELYN;Old English;;;;;;;
EVER;Old French;;;;;;;
EVERETT;Old German;;;;;;;
EZEKIEL;Old Norse;;;;;;;
EZEQUIEL;Persian;;;;;;;
EZRA;Polish;;;;;;;
EZRIEL;Polynesian;;;;;;;
FABIAN;Russian;;;;;;;
FAIGA;Sanskrit;;;;;;;
FAIGY;Scandinavian;;;;;;;
FAITH;Scottish;;;;;;;
FANTA;African;;;;;;;
FARHAN;Russian;;;;;;;
FARRAH;Norse;;;;;;;
FATIMA;Latin;;;;;;;
FATOUMATA;Korean;;;;;;;
FELIX;Celtic;;;;;;;
FERNANDO;Dutch;;;;;;;
FILIP;English;;;;;;;
FINN;Finnish;;;;;;;
FIONA;Greek;;;;;;;
FRADEL;Hindi;;;;;;;
FRADY;Hungarian;;;;;;;
FRAIDY;Indian;;;;;;;
FRANCESCA;Irish;;;;;;;
FRANCESCO;Italian;;;;;;;
FRANCIS;Armenian;;;;;;;
FRANCISCO;African;;;;;;;
FRANCO;African American;;;;;;;
FRANK;American;;;;;;;
FRANKIE;Anglo-Saxon;;;;;;;
FRANKLIN;Arabic;;;;;;;
FREDERICK;Armenian;;;;;;;
FRIEDA;Celtic;;;;;;;
FRIMET;Chinese;;;;;;;
GABRIEL;Czechoslovakian;;;;;;;
GABRIELA;Danish;;;;;;;
GABRIELLA;Dutch;;;;;;;
GABRIELLE;Egyptian;;;;;;;
GAEL;English;;;;;;;
GAGE;Finnish;;;;;;;
GARRETT;French;;;;;;;
GARY;Gaelic;;;;;;;
GAVIN;German;;;;;;;
GAVRIEL;Greek;;;;;;;
GEMMA;Hawaiian;;;;;;;
GENESIS;Hebrew;;;;;;;
GENEVIEVE;Hindi;;;;;;;
GEORGE;Hungarian;;;;;;;
GEORGIA;Indian;;;;;;;
GERALD;Irish;;;;;;;
GERSHON;Italian;;;;;;;
GIA;Japanese;;;;;;;
GIADA;Hawaiian;;;;;;;
GIANA;Korean;;;;;;;
GIANCARLO;Latin;;;;;;;
GIANLUCA;Middle English;;;;;;;
GIANNA;Native American;;;;;;;
GIANNI;Norse;;;;;;;
GIAVANNA;Old English;;;;;;;
GILLIAN;Old French;;;;;;;
GINA;Old German;;;;;;;
GINO;Old Norse;;;;;;;
GIOVANNA;Persian;;;;;;;
GIOVANNI;Polish;;;;;;;
GISELLE;Polynesian;;;;;;;
GISSELLE;Russian;;;;;;;
GITTEL;Sanskrit;;;;;;;
GITTY;Scandinavian;;;;;;;
GIULIANA;Scottish;;;;;;;
GLORIA;Slavic;;;;;;;
GOLDA;Spanish;;;;;;;
GOLDY;Swahili;;;;;;;
GRACE;Swedish;;;;;;;
GRACIE;Teutonic;;;;;;;
GRADY;Turkish;;;;;;;
GRAHAM;Vietnamese;;;;;;;
GRANT;Welsh;;;;;;;
GRAYSON;Yiddish;;;;;;;
GREGORY;African;;;;;;;
GREYSON;Russian;;;;;;;
GRIFFIN;Norse;;;;;;;
GUADALUPE;Latin;;;;;;;
GUSTAVO;Korean;;;;;;;
GWENDOLYN;Celtic;;;;;;;
HADASSA;Dutch;;;;;;;
HADASSAH;English;;;;;;;
HADLEY;Finnish;;;;;;;
HAILEY;Greek;;;;;;;
HALEY;Hindi;;;;;;;
HAMZA;Hungarian;;;;;;;
HANA;Indian;;;;;;;
HANNA;Irish;;;;;;;
HANNAH;Italian;;;;;;;
HARLEY;Armenian;;;;;;;
HARMONY;African;;;;;;;
HAROLD;African American;;;;;;;
HARPER;American;;;;;;;
HARRISON;Anglo-Saxon;;;;;;;
HARRY;Arabic;;;;;;;
HASSAN;Armenian;;;;;;;
HAWA;Celtic;;;;;;;
HAYDEN;Chinese;;;;;;;
HAYLEE;Czechoslovakian;;;;;;;
HAYLEY;Danish;;;;;;;
HAZEL;Dutch;;;;;;;
HEATHER;Egyptian;;;;;;;
HEAVEN;English;;;;;;;
HECTOR;Finnish;;;;;;;
HEIDI;French;;;;;;;
HEIDY;Gaelic;;;;;;;
HELEN;German;;;;;;;
HELENA;Greek;;;;;;;
HENCHY;Hawaiian;;;;;;;
HENNY;Hebrew;;;;;;;
HENRY;Hindi;;;;;;;
HERMAN;Hungarian;;;;;;;
HERSH;Indian;;;;;;;
HERSHEL;Irish;;;;;;;
HERSHY;Italian;;;;;;;
HILLARY;Japanese;;;;;;;
HINDA;Hawaiian;;;;;;;
HINDY;Korean;;;;;;;
HOLLY;Latin;;;;;;;
HOPE;Middle English;;;;;;;
HUDSON;Native American;;;;;;;
HUGO;Norse;;;;;;;
HUNTER;Old English;;;;;;;
IAN;Old French;;;;;;;
IBRAHIM;Old German;;;;;;;
IBRAHIMA;Old Norse;;;;;;;
IDY;Persian;;;;;;;
IKER;Polish;;;;;;;
IMANI;Polynesian;;;;;;;
INES;Russian;;;;;;;
IRENE;Sanskrit;;;;;;;
IRIS;Scandinavian;;;;;;;
ISAAC;Scottish;;;;;;;
ISABEL;African;;;;;;;
ISABELA;Russian;;;;;;;
ISABELLA;Norse;;;;;;;
ISABELLE;Latin;;;;;;;
ISAIAH;Korean;;;;;;;
ISAIAS;Celtic;;;;;;;
ISIAH;Dutch;;;;;;;
ISIS;English;;;;;;;
ISLA;Finnish;;;;;;;
ISMAEL;Greek;;;;;;;
ISRAEL;Hindi;;;;;;;
ISREAL;Hungarian;;;;;;;
ISSAC;Indian;;;;;;;
IVAN;Irish;;;;;;;
IVY;Italian;;;;;;;
IZABELLA;Armenian;;;;;;;
JABARI;African;;;;;;;
JACE;African American;;;;;;;
JACK;American;;;;;;;
JACKLYN;Anglo-Saxon;;;;;;;
JACKSON;Arabic;;;;;;;
JACKY;Armenian;;;;;;;
JACLYN;Celtic;;;;;;;
JACOB;Chinese;;;;;;;
JACQUELINE;Czechoslovakian;;;;;;;
JACQUELYN;Danish;;;;;;;
JADA;Dutch;;;;;;;
JADE;Egyptian;;;;;;;
JADEN;English;;;;;;;
JADIEL;Finnish;;;;;;;
JADON;French;;;;;;;
JADYN;Gaelic;;;;;;;
JAEDEN;German;;;;;;;
JAELYN;Greek;;;;;;;
JAELYNN;Hawaiian;;;;;;;
JAHDIEL;Hebrew;;;;;;;
JAHZARA;Hindi;;;;;;;
JAIDA;Hungarian;;;;;;;
JAIDEN;Indian;;;;;;;
JAIME;Irish;;;;;;;
JAKE;Italian;;;;;;;
JAKOB;Japanese;;;;;;;
JAKUB;Hawaiian;;;;;;;
JALEN;Korean;;;;;;;
JALIYAH;Latin;;;;;;;
JAMAL;Middle English;;;;;;;
JAMARI;Native American;;;;;;;
JAMEL;Norse;;;;;;;
JAMES;Old English;;;;;;;
JAMESON;Old French;;;;;;;
JAMIE;Old German;;;;;;;
JAMIR;Old Norse;;;;;;;
JAMISON;Persian;;;;;;;
JANA;Polish;;;;;;;
JANAE;Polynesian;;;;;;;
JANE;Russian;;;;;;;
JANELLE;Sanskrit;;;;;;;
JANIAH;Scandinavian;;;;;;;
JANICE;Scottish;;;;;;;
JANIYA;Slavic;;;;;;;
JANIYAH;Spanish;;;;;;;
JANNAT;Swahili;;;;;;;
JARED;Swedish;;;;;;;
JARIEL;Teutonic;;;;;;;
JASIAH;Turkish;;;;;;;
JASLENE;Vietnamese;;;;;;;
JASMIN;Welsh;;;;;;;
JASMINE;Yiddish;;;;;;;
JASON;African;;;;;;;
JASPER;Russian;;;;;;;
JAVIER;Norse;;;;;;;
JAVON;Latin;;;;;;;
JAX;Korean;;;;;;;
JAXON;Celtic;;;;;;;
JAXSON;Dutch;;;;;;;
JAY;English;;;;;;;
JAYCE;Finnish;;;;;;;
JAYDA;Greek;;;;;;;
JAYDEN;Hindi;;;;;;;
JAYLA;Hungarian;;;;;;;
JAYLAH;Indian;;;;;;;
JAYLEEN;Irish;;;;;;;
JAYLEN;Italian;;;;;;;
JAYLENE;Armenian;;;;;;;
JAYLIN;African;;;;;;;
JAYSON;African American;;;;;;;
JAZLENE;American;;;;;;;
JAZLYN;Anglo-Saxon;;;;;;;
JAZMIN;Arabic;;;;;;;
JAZMINE;Armenian;;;;;;;
JEAN;Celtic;;;;;;;
JEFF;Chinese;;;;;;;
JEFFERSON;Czechoslovakian;;;;;;;
JEFFREY;Danish;;;;;;;
JELANI;Dutch;;;;;;;
JENCARLOS;Egyptian;;;;;;;
JENNA;English;;;;;;;
JENNIFER;Finnish;;;;;;;
JENNY;French;;;;;;;
JERAMIAH;Gaelic;;;;;;;
JEREMIAH;German;;;;;;;
JEREMY;Greek;;;;;;;
JERMAINE;Hawaiian;;;;;;;
JEROME;Hebrew;;;;;;;
JERRY;Hindi;;;;;;;
JESSE;Hungarian;;;;;;;
JESSICA;Indian;;;;;;;
JESSIE;Irish;;;;;;;
JESUS;Italian;;;;;;;
JIANNA;Japanese;;;;;;;
JILLIAN;Hawaiian;;;;;;;
JIMENA;Korean;;;;;;;
JIMMY;Latin;;;;;;;
JOANNA;Middle English;;;;;;;
JOAQUIN;Native American;;;;;;;
JOCELYN;Norse;;;;;;;
JOEL;Old English;;;;;;;
JOHAN;Old French;;;;;;;
JOHANNA;Old German;;;;;;;
JOHN;Old Norse;;;;;;;
JOHNATHAN;Persian;;;;;;;
JOHNNY;Polish;;;;;;;
JOLIE;Polynesian;;;;;;;
JONAH;Russian;;;;;;;
JONAS;Sanskrit;;;;;;;
JONATHAN;Scandinavian;;;;;;;
JORDAN;Scottish;;;;;;;
JORDIN;Greek;;;;;;;
JORDY;Hindi;;;;;;;
JORDYN;Hungarian;;;;;;;
JORGE;Indian;;;;;;;
JOSE;Irish;;;;;;;
JOSELIN;Italian;;;;;;;
JOSELYN;Armenian;;;;;;;
JOSEPH;African;;;;;;;
JOSEPHINE;African American;;;;;;;
JOSHUA;American;;;;;;;
JOSIAH;Anglo-Saxon;;;;;;;
JOSUE;Arabic;;;;;;;
JOY;Armenian;;;;;;;
JOYCE;Celtic;;;;;;;
JUAN;Chinese;;;;;;;
JUDAH;Czechoslovakian;;;;;;;
JUDE;Danish;;;;;;;
JUDITH;Dutch;;;;;;;
JUDY;Egyptian;;;;;;;
JULIA;English;;;;;;;
JULIAN;Finnish;;;;;;;
JULIANA;French;;;;;;;
JULIANNA;Gaelic;;;;;;;
JULIANNE;German;;;;;;;
JULIE;Greek;;;;;;;
JULIEN;Greek;;;;;;;
JULIET;Hindi;;;;;;;
JULIETTE;Hungarian;;;;;;;
JULIO;Indian;;;;;;;
JULISSA;Irish;;;;;;;
JULIUS;Italian;;;;;;;
JUNIOR;Armenian;;;;;;;
JUSTICE;African;;;;;;;
JUSTIN;African American;;;;;;;
KACPER;American;;;;;;;
KADEN;Anglo-Saxon;;;;;;;
KADENCE;Arabic;;;;;;;
KAELYN;Armenian;;;;;;;
KAI;Celtic;;;;;;;
KAIA;Chinese;;;;;;;
KAIDEN;Czechoslovakian;;;;;;;
KAILEY;Danish;;;;;;;
KAILYN;Dutch;;;;;;;
KAITLIN;Egyptian;;;;;;;
KAITLYN;English;;;;;;;
KALEB;Finnish;;;;;;;
KALEIGH;French;;;;;;;
KALI;Gaelic;;;;;;;
KALIYAH;German;;;;;;;
KAMARI;Greek;;;;;;;
KAMERON;Greek;;;;;;;
KAMILA;Greek;;;;;;;
KARA;Hindi;;;;;;;
KAREEM;Hungarian;;;;;;;
KAREN;Indian;;;;;;;
KARINA;Irish;;;;;;;
KARLA;Italian;;;;;;;
KASEY;Armenian;;;;;;;
KATE;African;;;;;;;
KATELYN;African American;;;;;;;
KATELYNN;American;;;;;;;
KATERINA;Anglo-Saxon;;;;;;;
KATHERINE;Arabic;;;;;;;
KATHLEEN;Armenian;;;;;;;
KATHRYN;Celtic;;;;;;;
KATIE;Chinese;;;;;;;
KATRINA;Czechoslovakian;;;;;;;
KAYDEN;Danish;;;;;;;
KAYLA;Dutch;;;;;;;
KAYLEE;Egyptian;;;;;;;
KAYLEEN;English;;;;;;;
KAYLEIGH;Finnish;;;;;;;
KAYLIE;French;;;;;;;
KAYLIN;Gaelic;;;;;;;
KEEGAN;German;;;;;;;
KEILY;Greek;;;;;;;
KEIRA;French;;;;;;;
KEITH;Gaelic;;;;;;;
KELIS;German;;;;;;;
KELLAN;Greek;;;;;;;
KELLY;Greek;;;;;;;
KELSEY;Greek;;;;;;;
KELVIN;Hindi;;;;;;;
KENDALL;Hungarian;;;;;;;
KENDRA;Indian;;;;;;;
KENNEDY;Irish;;;;;;;
KENNETH;Italian;;;;;;;
KENNY;Armenian;;;;;;;
KEVIN;African;;;;;;;
KEYLA;African American;;;;;;;
KHALIL;American;;;;;;;
KHAMANI;Anglo-Saxon;;;;;;;
KHLOE;Arabic;;;;;;;
KIANA;Armenian;;;;;;;
KIARA;Celtic;;;;;;;
KIERA;Chinese;;;;;;;
KIERAN;Czechoslovakian;;;;;;;
KIMBERLY;Danish;;;;;;;
KIMORA;Dutch;;;;;;;
KING;Egyptian;;;;;;;
KINGSLEY;English;;;;;;;
KINGSTON;Finnish;;;;;;;
KINLEY;French;;;;;;;
KIRA;Gaelic;;;;;;;
KRISH;German;;;;;;;
KRISTEN;Greek;;;;;;;
KRISTIAN;French;;;;;;;
KRISTINA;Gaelic;;;;;;;
KRISTOPHER;German;;;;;;;
KRYSTAL;Greek;;;;;;;
KYLA;Greek;;;;;;;
KYLE;Greek;;;;;;;
KYLEE;Hindi;;;;;;;
KYLEIGH;Hungarian;;;;;;;
KYLER;Indian;;;;;;;
KYLIE;Irish;;;;;;;
KYMANI;Italian;;;;;;;
KYRA;Armenian;;;;;;;
LACEY;African;;;;;;;
LACHLAN;African American;;;;;;;
LAILA;American;;;;;;;
LAMAR;Anglo-Saxon;;;;;;;
LANA;Arabic;;;;;;;
LANDEN;Armenian;;;;;;;
LANDON;Celtic;;;;;;;
LARA;Chinese;;;;;;;
LARRY;Czechoslovakian;;;;;;;
LAURA;Danish;;;;;;;
LAUREN;Dutch;;;;;;;
LAURYN;Egyptian;;;;;;;
LAWRENCE;English;;;;;;;
LAYLA;Finnish;;;;;;;
LAZER;French;;;;;;;
LEA;Gaelic;;;;;;;
LEAH;German;;;;;;;
LEANDRO;Greek;;;;;;;
LEANNA;French;;;;;;;
LEELA;Gaelic;;;;;;;
LEENA;German;;;;;;;
LEIB;Greek;;;;;;;
LEILA;Greek;;;;;;;
LEILANI;Greek;;;;;;;
LENA;Hindi;;;;;;;
LEO;Hungarian;;;;;;;
LEON;Indian;;;;;;;
LEONARD;Irish;;;;;;;
LEONARDO;Italian;;;;;;;
LEONEL;Armenian;;;;;;;
LEORA;African;;;;;;;
LESLEY;African American;;;;;;;
LESLIE;American;;;;;;;
LESLY;Anglo-Saxon;;;;;;;
LEVI;Arabic;;;;;;;
LEXI;Armenian;;;;;;;
LEYLA;Celtic;;;;;;;
LIA;Chinese;;;;;;;
LIAM;Czechoslovakian;;;;;;;
LIANA;Danish;;;;;;;
LIANNA;Dutch;;;;;;;
LIBA;Egyptian;;;;;;;
LIBBY;English;;;;;;;
LILA;Finnish;;;;;;;
LILAH;French;;;;;;;
LILIAN;Gaelic;;;;;;;
LILIANA;German;;;;;;;
LILIANNA;Greek;;;;;;;
LILLIAN;French;;;;;;;
LILLIANA;Gaelic;;;;;;;
LILLY;German;;;;;;;
LILY;Greek;;;;;;;
LILYANA;Greek;;;;;;;
LILYANNA;Greek;;;;;;;
LINA;Hindi;;;;;;;
LINCOLN;Hungarian;;;;;;;
LINDA;Indian;;;;;;;
LINDSAY;Irish;;;;;;;
LINDSEY;Italian;;;;;;;
LIPA;Armenian;;;;;;;
LISA;African;;;;;;;
LITZY;African American;;;;;;;
LIV;American;;;;;;;
LIVIA;Anglo-Saxon;;;;;;;
LIZ;Arabic;;;;;;;
LIZBETH;Armenian;;;;;;;
LOGAN;Celtic;;;;;;;
LOLA;Chinese;;;;;;;
LONDON;Czechoslovakian;;;;;;;
LONDYN;Danish;;;;;;;
LORENZO;Dutch;;;;;;;
LOUIS;Egyptian;;;;;;;
LOUISA;English;;;;;;;
LUCA;Finnish;;;;;;;
LUCAS;French;;;;;;;
LUCIA;Gaelic;;;;;;;
LUCIANA;German;;;;;;;
LUCIANO;Greek;;;;;;;
LUCY;Anglo-Saxon;;;;;;;
LUIS;Arabic;;;;;;;
LUKA;Armenian;;;;;;;
LUKAS;Celtic;;;;;;;
LUKE;Chinese;;;;;;;
LUNA;Czechoslovakian;;;;;;;
LUZ;Danish;;;;;;;
LYDIA;Dutch;;;;;;;
LYLA;Egyptian;;;;;;;
LYRA;English;;;;;;;
LYRIC;Finnish;;;;;;;
MACKENZIE;French;;;;;;;
MADALYN;Gaelic;;;;;;;
MADDISON;German;;;;;;;
MADDOX;Greek;;;;;;;
MADELEINE;Hawaiian;;;;;;;
MADELINE;Hebrew;;;;;;;
MADELYN;Hindi;;;;;;;
MADELYNN;Hungarian;;;;;;;
MADISON;Indian;;;;;;;
MADISYN;Irish;;;;;;;
MAEVE;Italian;;;;;;;
MAGGIE;Japanese;;;;;;;
MAHAMADOU;Hawaiian;;;;;;;
MAIA;Korean;;;;;;;
MAIYA;Latin;;;;;;;
MAKAI;Middle English;;;;;;;
MAKAYLA;Native American;;;;;;;
MAKENNA;Norse;;;;;;;
MAKENZIE;Old English;;;;;;;
MALACHI;Old French;;;;;;;
MALAK;Old German;;;;;;;
MALCOLM;Old Norse;;;;;;;
MALIA;Persian;;;;;;;
MALIK;Polish;;;;;;;
MALIYAH;Polynesian;;;;;;;
MALKA;Russian;;;;;;;
MALKY;Sanskrit;;;;;;;
MALLORY;Scandinavian;;;;;;;
MAMADOU;Scottish;;;;;;;
MANDY;Slavic;;;;;;;
MANHA;Spanish;;;;;;;
MANUEL;Swahili;;;;;;;
MARA;Swedish;;;;;;;
MARC;Teutonic;;;;;;;
MARCELLO;Turkish;;;;;;;
MARCO;Vietnamese;;;;;;;
MARCOS;Welsh;;;;;;;
MARCUS;Yiddish;;;;;;;
MARGARET;Vietnamese;;;;;;;
MARGOT;Celtic;;;;;;;
MARIA;Dutch;;;;;;;
MARIAH;English;;;;;;;
MARIAM;Finnish;;;;;;;
MARIAMA;Greek;;;;;;;
MARIANA;Hindi;;;;;;;
MARIANNA;Hungarian;;;;;;;
MARIELA;Indian;;;;;;;
MARILYN;Irish;;;;;;;
MARINA;Celtic;;;;;;;
MARIO;Dutch;;;;;;;
MARISA;English;;;;;;;
MARISOL;Finnish;;;;;;;
MARISSA;Greek;;;;;;;
MARK;Hindi;;;;;;;
MARLEY;Hungarian;;;;;;;
MARLON;Indian;;;;;;;
MARQUIS;Irish;;;;;;;
MARTIN;Vietnamese;;;;;;;
MARVIN;Celtic;;;;;;;
MARY;Dutch;;;;;;;
MARYAM;English;;;;;;;
MASON;Finnish;;;;;;;
MASSIMO;Greek;;;;;;;
MATEO;Hindi;;;;;;;
MATHEW;Hungarian;;;;;;;
MATIAS;Indian;;;;;;;
MATILDA;Irish;;;;;;;
MATTEO;Celtic;;;;;;;
MATTHEW;Dutch;;;;;;;
MAUREEN;English;;;;;;;
MAURICE;Finnish;;;;;;;
MAURICIO;Greek;;;;;;;
MAX;Hindi;;;;;;;
MAXIM;Hungarian;;;;;;;
MAXIMILIAN;Indian;;;;;;;
MAXIMILIANO;Irish;;;;;;;
MAXIMUS;Vietnamese;;;;;;;
MAXWELL;Celtic;;;;;;;
MAYA;Dutch;;;;;;;
MAYER;English;;;;;;;
MCKAYLA;Finnish;;;;;;;
MCKENNA;Greek;;;;;;;
MCKENZIE;Hindi;;;;;;;
MEAGHAN;Hungarian;;;;;;;
MEGAN;Indian;;;;;;;
MEGHAN;Irish;;;;;;;
MEILECH;Celtic;;;;;;;
MEIR;Dutch;;;;;;;
MEKHI;English;;;;;;;
MELANIE;Finnish;;;;;;;
MELANY;Greek;;;;;;;
MELINA;Hindi;;;;;;;
MELISSA;Hungarian;;;;;;;
MELODY;Indian;;;;;;;
MELVIN;Irish;;;;;;;
MENACHEM;Vietnamese;;;;;;;
MENASHE;Celtic;;;;;;;
MENDEL;Dutch;;;;;;;
MENDY;English;;;;;;;
MENUCHA;Finnish;;;;;;;
MEREDITH;Greek;;;;;;;
MESSIAH;Hindi;;;;;;;
MIA;Hungarian;;;;;;;
MIAH;Indian;;;;;;;
MICAELA;Irish;;;;;;;
MICAH;Celtic;;;;;;;
MICHAEL;Dutch;;;;;;;
MICHAELA;English;;;;;;;
MICHELLE;Finnish;;;;;;;
MIGUEL;Greek;;;;;;;
MIKAELA;Hindi;;;;;;;
MIKAYLA;Hungarian;;;;;;;
MIKE;Indian;;;;;;;
MILA;Irish;;;;;;;
MILAN;Vietnamese;;;;;;;
MILANI;Celtic;;;;;;;
MILANIA;Dutch;;;;;;;
MILES;English;;;;;;;
MILEY;Finnish;;;;;;;
MILO;Greek;;;;;;;
MINDY;Hindi;;;;;;;
MIRA;Hungarian;;;;;;;
MIRACLE;Indian;;;;;;;
MIRANDA;Irish;;;;;;;
MIREL;Celtic;;;;;;;
MIRI;Dutch;;;;;;;
MIRIAM;English;;;;;;;
MITCHELL;Finnish;;;;;;;
MOHAMED;Greek;;;;;;;
MOHAMMAD;Hindi;;;;;;;
MOHAMMED;Hungarian;;;;;;;
MOISES;Indian;;;;;;;
MOISHE;Irish;;;;;;;
MOLLY;Vietnamese;;;;;;;
MONICA;Celtic;;;;;;;
MORDCHE;Dutch;;;;;;;
MORDECHAI;English;;;;;;;
MORGAN;Finnish;;;;;;;
MORRIS;Greek;;;;;;;
MOSES;Hindi;;;;;;;
MOSHE;Hungarian;;;;;;;
MOUSSA;Indian;;;;;;;
MUHAMMAD;Irish;;;;;;;
MUSTAFA;Celtic;;;;;;;
MYA;Dutch;;;;;;;
MYLA;English;;;;;;;
MYLES;Finnish;;;;;;;
NACHMAN;Greek;;;;;;;
NADIA;Hindi;;;;;;;
NAFTALI;Hungarian;;;;;;;
NAFTULI;Indian;;;;;;;
NAHLA;Irish;;;;;;;
NAILAH;Czechoslovakian;;;;;;;
NANCY;Danish;;;;;;;
NAOMI;Dutch;;;;;;;
NASIR;Egyptian;;;;;;;
NATALIA;English;;;;;;;
NATALIE;Finnish;;;;;;;
NATALY;French;;;;;;;
NATASHA;Gaelic;;;;;;;
NATHALIE;German;;;;;;;
NATHALY;Greek;;;;;;;
NATHAN;Hawaiian;;;;;;;
NATHANIEL;Hebrew;;;;;;;
NAYELI;Hindi;;;;;;;
NAZIR;Hungarian;;;;;;;
NECHAMA;Indian;;;;;;;
NEIL;Irish;;;;;;;
NELSON;Italian;;;;;;;
NEVAEH;Japanese;;;;;;;
NEYMAR;Hawaiian;;;;;;;
NIA;Korean;;;;;;;
NICHOLAS;Latin;;;;;;;
NICKOLAS;Middle English;;;;;;;
NICO;Native American;;;;;;;
NICOLAS;Norse;;;;;;;
NICOLE;Old English;;;;;;;
NICOLETTA;Old French;;;;;;;
NICOLETTE;Old German;;;;;;;
NIKITA;Old Norse;;;;;;;
NIKKI;Persian;;;;;;;
NIKOLAS;Polish;;;;;;;
NINA;Czechoslovakian;;;;;;;
NOA;Danish;;;;;;;
NOAH;Dutch;;;;;;;
NOEL;Egyptian;;;;;;;
NOELLE;English;;;;;;;
NOLAN;Finnish;;;;;;;
NOOR;French;;;;;;;
NORA;Gaelic;;;;;;;
NORAH;German;;;;;;;
NUCHEM;Greek;;;;;;;
NUSSEN;Hawaiian;;;;;;;
NYLA;Hebrew;;;;;;;
NYLAH;Hindi;;;;;;;
OLIVE;Hungarian;;;;;;;
OLIVER;Indian;;;;;;;
OLIVIA;Irish;;;;;;;
OMAR;Italian;;;;;;;
OMARI;Japanese;;;;;;;
ORION;Hawaiian;;;;;;;
OSCAR;Korean;;;;;;;
OUMAR;Latin;;;;;;;
OWEN;Middle English;;;;;;;
PABLO;Native American;;;;;;;
PAIGE;Norse;;;;;;;
PAITYN;Old English;;;;;;;
PAMELA;Old French;;;;;;;
PAOLA;Old German;;;;;;;
PARIS;Old Norse;;;;;;;
PARKER;Persian;;;;;;;
PATRICIA;Polish;;;;;;;
PATRICK;Old French;;;;;;;
PAUL;Old German;;;;;;;
PAYTON;Old Norse;;;;;;;
PEARL;Persian;;;;;;;
PEDRO;Polish;;;;;;;
PENELOPE;Czechoslovakian;;;;;;;
PEREL;Danish;;;;;;;
PERL;Dutch;;;;;;;
PERLA;Egyptian;;;;;;;
PERRY;Anglo-Saxon;;;;;;;
PESSY;Arabic;;;;;;;
PETER;Armenian;;;;;;;
PEYTON;Celtic;;;;;;;
PHILIP;Chinese;;;;;;;
PHILLIP;Czechoslovakian;;;;;;;
PHOEBE;Danish;;;;;;;
PHOENIX;Dutch;;;;;;;
PINCHAS;Egyptian;;;;;;;
PINCHUS;English;;;;;;;
PIPER;Finnish;;;;;;;
PRECIOUS;French;;;;;;;
PRESTON;Gaelic;;;;;;;
PRINCE;German;;;;;;;
PRISCILLA;Greek;;;;;;;
QUEENIE;Hawaiian;;;;;;;
QUENTIN;Hebrew;;;;;;;
QUINN;Hindi;;;;;;;
RACHAEL;Hungarian;;;;;;;
RACHEL;Indian;;;;;;;
RAEGAN;Irish;;;;;;;
RAFAEL;Italian;;;;;;;
RAIZEL;Japanese;;;;;;;
RAIZY;Hawaiian;;;;;;;
RALPH;Korean;;;;;;;
RANDY;Latin;;;;;;;
RAPHAEL;Middle English;;;;;;;
RAQUEL;Native American;;;;;;;
RASHAWN;Norse;;;;;;;
RAUL;Old English;;;;;;;
RAYAN;Old French;;;;;;;
RAYMOND;Old German;;;;;;;
REAGAN;Old Norse;;;;;;;
REBECCA;Persian;;;;;;;
REBEKAH;Polish;;;;;;;
REED;Polynesian;;;;;;;
REESE;Russian;;;;;;;
REID;Sanskrit;;;;;;;
REINA;Scandinavian;;;;;;;
RENEE;Scottish;;;;;;;
REX;Slavic;;;;;;;
RHEA;Spanish;;;;;;;
RICARDO;Swahili;;;;;;;
RICHARD;Swedish;;;;;;;
RICKY;Teutonic;;;;;;;
RIFKA;Turkish;;;;;;;
RIFKY;Vietnamese;;;;;;;
RIHANNA;Welsh;;;;;;;
RILEY;Yiddish;;;;;;;
RITA;Vietnamese;;;;;;;
RIVKA;Celtic;;;;;;;
RIVKAH;Dutch;;;;;;;
RIVKY;English;;;;;;;
ROBERT;Finnish;;;;;;;
ROBERTO;Greek;;;;;;;
ROCCO;Hindi;;;;;;;
ROCHEL;Hungarian;;;;;;;
RODNEY;Indian;;;;;;;
RODRIGO;Irish;;;;;;;
ROGER;Celtic;;;;;;;
ROHAN;Dutch;;;;;;;
ROIZY;English;;;;;;;
ROMAN;Finnish;;;;;;;
ROMEO;Greek;;;;;;;
RONALD;Hindi;;;;;;;
RONAN;Hungarian;;;;;;;
RORY;Indian;;;;;;;
ROSA;Irish;;;;;;;
ROSE;Vietnamese;;;;;;;
ROSEMARY;Celtic;;;;;;;
ROWAN;Dutch;;;;;;;
ROY;English;;;;;;;
RUBEN;Finnish;;;;;;;
RUBY;Greek;;;;;;;
RUCHY;Hindi;;;;;;;
RUDY;Hungarian;;;;;;;
RUSSELL;Indian;;;;;;;
RUTH;Irish;;;;;;;
RYAN;Celtic;;;;;;;
RYDER;Dutch;;;;;;;
RYLAN;English;;;;;;;
RYLEE;Finnish;;;;;;;
RYLEIGH;Greek;;;;;;;
SABRINA;Hindi;;;;;;;
SADIE;Hungarian;;;;;;;
SAGE;Indian;;;;;;;
SALMA;Irish;;;;;;;
SALVATORE;Vietnamese;;;;;;;
SAM;Celtic;;;;;;;
SAMANTA;Dutch;;;;;;;
SAMANTHA;English;;;;;;;
SAMARA;Finnish;;;;;;;
SAMIR;Greek;;;;;;;
SAMIYAH;Hindi;;;;;;;
SAMUEL;Hungarian;;;;;;;
SANAA;Indian;;;;;;;
SANAI;Irish;;;;;;;
SANDRA;Celtic;;;;;;;
SANIYA;Dutch;;;;;;;
SANIYAH;English;;;;;;;
SANTANA;Finnish;;;;;;;
SANTIAGO;Greek;;;;;;;
SANTINO;Hindi;;;;;;;
SARA;Hungarian;;;;;;;
SARAH;Indian;;;;;;;
SARAI;Irish;;;;;;;
SARIAH;Vietnamese;;;;;;;
SARINA;Celtic;;;;;;;
SASHA;Dutch;;;;;;;
SAUL;English;;;;;;;
SAVANNA;Finnish;;;;;;;
SAVANNAH;Greek;;;;;;;
SAWYER;Hindi;;;;;;;
SCARLET;Hungarian;;;;;;;
SCARLETT;Indian;;;;;;;
SCOTT;Irish;;;;;;;
SEAMUS;Celtic;;;;;;;
SEAN;Dutch;;;;;;;
SEBASTIAN;English;;;;;;;
SEBASTIEN;Finnish;;;;;;;
SELENA;Greek;;;;;;;
SELINA;Hindi;;;;;;;
SERENA;Hungarian;;;;;;;
SERENITY;Indian;;;;;;;
SERGIO;Irish;;;;;;;
SETH;Vietnamese;;;;;;;
SHAINA;Celtic;;;;;;;
SHAINDEL;Dutch;;;;;;;
SHAINDY;English;;;;;;;
SHALOM;Finnish;;;;;;;
SHAMAR;Greek;;;;;;;
SHANE;Hindi;;;;;;;
SHANIA;Hungarian;;;;;;;
SHANICE;Indian;;;;;;;
SHANIYA;Irish;;;;;;;
SHANNON;Celtic;;;;;;;
SHARON;Dutch;;;;;;;
SHAUN;English;;;;;;;
SHAWN;Finnish;;;;;;;
SHAYA;Greek;;;;;;;
SHAYLA;Hindi;;;;;;;
SHAYNA;Hungarian;;;;;;;
SHEA;Indian;;;;;;;
SHELBY;Irish;;;;;;;
SHERLYN;Vietnamese;;;;;;;
SHERRY;Celtic;;;;;;;
SHIA;Dutch;;;;;;;
SHIFRA;English;;;;;;;
SHILOH;Finnish;;;;;;;
SHIMON;Greek;;;;;;;
SHIRA;Hindi;;;;;;;
SHIRLEY;Hungarian;;;;;;;
SHLOIME;Indian;;;;;;;
SHLOIMY;Irish;;;;;;;
SHLOME;Celtic;;;;;;;
SHLOMO;Dutch;;;;;;;
SHMIEL;English;;;;;;;
SHMUEL;Finnish;;;;;;;
SHOLOM;Greek;;;;;;;
SHOSHANA;Hindi;;;;;;;
SHRAGA;Hungarian;;;;;;;
SHULEM;Indian;;;;;;;
SIENA;Irish;;;;;;;
SIENNA;Czechoslovakian;;;;;;;
SIERRA;Danish;;;;;;;
SILAS;Dutch;;;;;;;
SIMA;Egyptian;;;;;;;
SIMCHA;English;;;;;;;
SIMON;Finnish;;;;;;;
SIMONE;French;;;;;;;
SINCERE;Gaelic;;;;;;;
SKY;German;;;;;;;
SKYE;Greek;;;;;;;
SKYLA;Hawaiian;;;;;;;
SKYLAR;Hebrew;;;;;;;
SKYLER;Hindi;;;;;;;
SLOANE;Hungarian;;;;;;;
SOFIA;Indian;;;;;;;
SOLEIL;Irish;;;;;;;
SOLOMON;Italian;;;;;;;
SONIA;Japanese;;;;;;;
SOPHIA;Hawaiian;;;;;;;
SOPHIE;Korean;;;;;;;
SPENCER;Latin;;;;;;;
STACEY;Middle English;;;;;;;
STACY;Native American;;;;;;;
STANLEY;Norse;;;;;;;
STELLA;Old English;;;;;;;
STEPHANIE;Old French;;;;;;;
STEPHEN;Old German;;;;;;;
STEVE;Old Norse;;;;;;;
STEVEN;Persian;;;;;;;
SUMMER;Polish;;;;;;;
SURI;Czechoslovakian;;;;;;;
SURY;Danish;;;;;;;
SUSAN;Dutch;;;;;;;
SYDNEY;Egyptian;;;;;;;
SYED;English;;;;;;;
SYEDA;Finnish;;;;;;;
SYLVIA;French;;;;;;;
TALIA;Gaelic;;;;;;;
TALYA;German;;;;;;;
TAMAR;Greek;;;;;;;
TAMARA;Hawaiian;;;;;;;
TAMIA;Hebrew;;;;;;;
TANNER;Hindi;;;;;;;
TARA;Hungarian;;;;;;;
TARYN;Indian;;;;;;;
TATIANA;Irish;;;;;;;
TATUM;Italian;;;;;;;
TAYLOR;Japanese;;;;;;;
TEAGAN;Hawaiian;;;;;;;
TEHILA;Korean;;;;;;;
TENZIN;Latin;;;;;;;
TERENCE;Middle English;;;;;;;
TERESA;Native American;;;;;;;
TERRANCE;Norse;;;;;;;
TERRELL;Old English;;;;;;;
TERRENCE;Old French;;;;;;;
TERRY;Old German;;;;;;;
TESSA;Old Norse;;;;;;;
THEO;Persian;;;;;;;
THEODORE;Polish;;;;;;;
THERESA;Old French;;;;;;;
THOMAS;Old German;;;;;;;
TIANA;Old Norse;;;;;;;
TIARA;Persian;;;;;;;
TIFFANY;Polish;;;;;;;
TIMOTHY;Czechoslovakian;;;;;;;
TINA;Danish;;;;;;;
TOBY;Dutch;;;;;;;
TONY;Egyptian;;;;;;;
TORI;Indian;;;;;;;
TRACY;Irish;;;;;;;
TRANY;Italian;;;;;;;
TRAVIS;Japanese;;;;;;;
TRENT;Hawaiian;;;;;;;
TRENTON;Korean;;;;;;;
TREVOR;Latin;;;;;;;
TREY;Middle English;;;;;;;
TRINITY;Native American;;;;;;;
TRISTAN;Norse;;;;;;;
TROY;Old English;;;;;;;
TUCKER;Old French;;;;;;;
TY;Old German;;;;;;;
TYLER;Old Norse;;;;;;;
TYRESE;Persian;;;;;;;
TYRONE;Polish;;;;;;;
TYSHAWN;Old French;;;;;;;
TZIPORAH;Old German;;;;;;;
TZIPPY;Old Norse;;;;;;;
TZIREL;Persian;;;;;;;
TZIVIA;Polish;;;;;;;
TZVI;Czechoslovakian;;;;;;;
URIEL;Danish;;;;;;;
USHER;Dutch;;;;;;;
VALENTINA;Egyptian;;;;;;;
VALERIA;Anglo-Saxon;;;;;;;
VALERIE;Arabic;;;;;;;
VALERY;Armenian;;;;;;;
VANESA;Celtic;;;;;;;
VANESSA;Chinese;;;;;;;
VERA;Czechoslovakian;;;;;;;
VERONICA;Danish;;;;;;;
VICKY;Dutch;;;;;;;
VICTOR;Egyptian;;;;;;;
VICTORIA;English;;;;;;;
VINCENT;Finnish;;;;;;;
VINCENZO;French;;;;;;;
VIOLET;Gaelic;;;;;;;
VIVIAN;German;;;;;;;
VIVIANA;Greek;;;;;;;
VIVIENNE;Hawaiian;;;;;;;
WALTER;Hebrew;;;;;;;
WENDY;Hindi;;;;;;;
WESLEY;Hungarian;;;;;;;
WESTON;Indian;;;;;;;
WHITNEY;Irish;;;;;;;
WILLIAM;Italian;;;;;;;
WILLIE;Japanese;;;;;;;
WILLOW;Hawaiian;;;;;;;
WILMER;Korean;;;;;;;
WILSON;Latin;;;;;;;
WINNIE;Middle English;;;;;;;
WYATT;Native American;;;;;;;
XANDER;Norse;;;;;;;
XAVIER;Old English;;;;;;;
YAAKOV;Old French;;;;;;;
YACHET;Old German;;;;;;;
YADIEL;Old Norse;;;;;;;
YAEL;Persian;;;;;;;
YAHIR;Polish;;;;;;;
YAHYA;Polynesian;;;;;;;
YAKOV;Russian;;;;;;;
YANDEL;Sanskrit;;;;;;;
YARETZI;Scandinavian;;;;;;;
YARIEL;Scottish;;;;;;;
YASEEN;Slavic;;;;;;;
YASMIN;Spanish;;;;;;;
YECHESKEL;Swahili;;;;;;;
YECHEZKEL;Swedish;;;;;;;
YECHIEL;Teutonic;;;;;;;
YEHOSHUA;Turkish;;;;;;;
YEHUDA;Vietnamese;;;;;;;
YEHUDIS;Welsh;;;;;;;
YIDA;Yiddish;;;;;;;
YIDES;Vietnamese;;;;;;;
YISRAEL;Celtic;;;;;;;
YISROEL;Dutch;;;;;;;
YITTA;English;;;;;;;
YITTY;Finnish;;;;;;;
YITZCHAK;Greek;;;;;;;
YITZCHOK;Hindi;;;;;;;
YOCHEVED;Hungarian;;;;;;;
YOEL;Indian;;;;;;;
YONA;Irish;;;;;;;
YOSEF;Celtic;;;;;;;
YOSSI;Dutch;;;;;;;
YOUSEF;English;;;;;;;
YUSUF;Finnish;;;;;;;
ZACHARY;Greek;;;;;;;
ZACKARY;Hindi;;;;;;;
ZAHARA;Hungarian;;;;;;;
ZAIN;Indian;;;;;;;
ZAINAB;Irish;;;;;;;
ZAIRE;Vietnamese;;;;;;;
ZALMEN;Celtic;;;;;;;
ZARA;Dutch;;;;;;;
ZARIA;English;;;;;;;
ZAYDEN;Finnish;;;;;;;
ZELDY;Greek;;;;;;;
ZEV;Hindi;;;;;;;
ZION;Hungarian;;;;;;;
ZISSEL;Indian;;;;;;;
ZISSY;Irish;;;;;;;
ZLATY;Celtic;;;;;;;
ZOE;Dutch;;;;;;;
ZOEY;English;;;;;;;
ZOIE;Finnish;;;;;;;
